Organization,Followed On
Claude,Mon May 18 11:13:47 UTC 2026
LinkedIn Guide to Creating,Sat May 09 03:08:48 UTC 2026
Simplilearn,Fri May 08 11:20:39 UTC 2026
Scaler,Fri May 08 06:45:29 UTC 2026
Skillzenloop,Wed May 06 12:44:01 UTC 2026
"Zip, a puzzle by LinkedIn",Tue May 05 06:25:15 UTC 2026
"Queens, a puzzle by LinkedIn",Mon May 04 11:23:14 UTC 2026
"Patches, a puzzle by LinkedIn",Mon May 04 11:20:20 UTC 2026
Outskill,Sat May 02 10:29:04 UTC 2026
UNLOX®,Sat May 02 10:27:32 UTC 2026
CodSoft Internships,Sat May 02 10:25:30 UTC 2026
CodeSoft,Sat May 02 10:23:05 UTC 2026
CodSoft,Thu Apr 16 14:05:37 UTC 2026
Product Space,Wed Feb 04 06:38:29 UTC 2026
Sri Chaitanya College of Education,Tue May 06 07:10:49 UTC 2025
Amrita Vishwa Vidyapeetham,Tue Aug 13 15:13:33 UTC 2024