Date/Time,Media Description,Media Link
"You uploaded a feed photo on May 12, 2026 at 9:55 AM (GMT)","""???? ??????????? ?? ??? ??????? ?? ??? ?????????? ?? ??? ?????, ??? ?? ??? ???????? ????????? ???? ????? ?? ?????? ? ???? ???????????? ???? ????????.""

?? ??? ???? ?????????:
The Data Disconnect Managing a network of 150+ wholesalers and 150-quintal lorry loads shouldn't require being chained to a desk. The real bottleneck wasn't the logistics; it was the data availability. Whenever my father was in the field without his laptop, critical operations stalled. There was no instant access to GSTINs, no way to quickly verify addresses, and manually creating mill-standard Excel sheets to send via Gmail from a phone was a fragmented, time-consuming nightmare.

? ??? ????????? ????:
 An AI PM?s Approach Using frameworks like Antigravity and Codex, I treated this as a professional product lifecycle, applying a systematic flow to engineer a way out of this bottleneck:

[ ? ] Discovery: Extracting the ""Pure Engineering Soul"" 
[ ? ] Requirements: Zero-friction offline specs 
[ ?? ] Architecture: Zero-downtime foundation 
[ ? ] MVP Execution: High-performance mobile UI 
[ ? ] Iterative R&D: Data hardening & cloud sync

?? ??? ????????:?
RiceAgent Pro I developed a mobile powerhouse to put the entire office into his pocket:

? Automated .xlsx: Visually aligned, mill-standard order exports.
? Resilient SQLite: Zero data loss with Drift local caching.
? Intelligent Pipeline: Raw data sanitization and format-bypassing.
? Omnichannel Routing: Instant WhatsApp and Email dispatch.

? ??????????? ??? ???????
By applying a Utility-First strategy, the business is no longer bound to a laptop. Operations are faster, cleaner, and always ""one step ahead."" Building RiceAgent reinforced my belief that the best software doesn't just execute code?it gives people their time back. I am driven to bring this same AI PM mindset?mixing rigorous research, rapid prototyping, and scalable architecture?to tackle broader, complex challenges in the industry.

? ??????? ??? ???????????: https://lnkd.in/ghBiMmCH

#ProductThinking #SoftwareEngineering #AIProductManagement #FlutterDev #SupplyChainAutomation #DigitalTransformation #MobileFirst #B2BAutomation #IndustrialLogistics #DataEngineering #SmartWorker #RiceAgent #MVP #ResearchAndDevelopment",
"You uploaded a feed photo on May 12, 2026 at 9:53 AM (GMT)", -,https://media.licdn.com/dms/image/v2/D5622AQFR8lu99dfSxw/feedshare-image-high-res/B56Z4bnOAsJkAU-/0/1778579726630?e=1781136000&v=beta&t=2Z9XJWjcZTRyyzpoLA1jkSsm6dDk8TCX1xATyvmlfBw
"You uploaded a feed photo on May 12, 2026 at 9:53 AM (GMT)", -,https://media.licdn.com/dms/image/v2/D5622AQGBLdWF3etGWQ/feedshare-image-high-res/B56Z4bnOA9KoAU-/0/1778579726658?e=1781136000&v=beta&t=TNHXQzFOePS3iYtASyteWvftJTkGO-anj5aqBBCfcEE
"You uploaded a feed photo on May 12, 2026 at 9:53 AM (GMT)", -,https://media.licdn.com/dms/image/v2/D5622AQHlzJ0QYQiXsw/feedshare-shrink_1280/B56Z4bnOIUJIAM-/0/1778579727103?e=1781136000&v=beta&t=G-vgH_f14Rcm9UKCjimLbjMTwRv-G2GOF91MN7aY52I
"You uploaded a feed photo on May 12, 2026 at 9:53 AM (GMT)", -,https://media.licdn.com/dms/image/v2/D5622AQEHY9Zcd82TPg/feedshare-image-high-res/B56Z4bnOAtJ0AU-/0/1778579726612?e=1781136000&v=beta&t=ArVovzk5RKvj3T0IGoNo6mgknWP21GZZiRlY145z7nc
"You uploaded a feed photo on May 12, 2026 at 9:53 AM (GMT)", -,https://media.licdn.com/dms/image/v2/D5622AQFgT5Wj0mNwog/feedshare-shrink_1280/B56Z4bnOA4GUAM-/0/1778579726662?e=1781136000&v=beta&t=fDlchxsUqMa1iBABFwlCQuyRDKmw9d3bpnWgE97E7vI
"You uploaded a feed photo on May 12, 2026 at 9:53 AM (GMT)", -,https://media.licdn.com/dms/image/v2/D5622AQF-i5Jj_-gb5Q/feedshare-shrink_20/B56Z4bnKqRJ0AI-/0/1778579712973?e=1781136000&v=beta&t=snjcJxfNGY_ATZH7vgeR64K2iQNzLHAoPnsbdpitzYg
"You uploaded a feed photo on May 12, 2026 at 9:53 AM (GMT)", -,https://media.licdn.com/dms/image/v2/D5622AQFjnnlYoNSfBw/feedshare-image-high-res/B56Z4bnK3.G0AU-/0/1778579713787?e=1781136000&v=beta&t=5xMJL_kVXxll_kkT1BsXLXOYZueHHm02OOg2s9F1kuc
"You uploaded a feed photo on May 12, 2026 at 9:53 AM (GMT)", -,https://media.licdn.com/dms/image/v2/D5622AQH0Rm-HVShGpw/feedshare-shrink_800/B56Z4bnIOzGUAg-/0/1778579703202?e=1781136000&v=beta&t=mnB4lNXFo6vq8RvJhbEGsLnzPmJf-ibH6HD9cxSNkOk
"You uploaded a photo on May 10, 2026 at 10:14 AM (GMT)", -,https://media.licdn.com/dms/image/v2/D5603AQE454PKpYE9vw/profile-displayphoto-scale_400_400/B56Z4RYTslIoAg-/0/1778408053345?e=1781136000&v=beta&t=DaYeVdGGy_HvG484d54K6aDajvSxCgiUGnchdbSZHPo
"You uploaded a profile photo on May 10, 2026 at 10:14 AM (GMT)", -,https://media.licdn.com/dms/image/v2/D5604AQEtWEx_EREhRQ/profile-originalphoto-shrink_900_1200/B56Z4RYTrwIQAM-/0/1778408050454?e=1781136000&v=beta&t=SPrKt1cntDd10o6ukKlm_bEeSVcWPhUD_p5EGcFoPUY
"You uploaded a profile background photo on May 10, 2026 at 10:04 AM (GMT)", -,https://media.licdn.com/dms/image/v2/D5616AQHMgpDypfN75Q/profile-displaybackgroundimage-shrink_200_800/B56Z4RWIl3KQAU-/0/1778407494433?e=1781136000&v=beta&t=w0_xauaPpID7EXefNkjOsRQKTnZlHnL4UQUnHJYa9FM
"You uploaded a profile background photo on May 10, 2026 at 10:04 AM (GMT)", -,https://media.licdn.com/dms/image/v2/D5604AQGqd0ohNm4gcQ/profile-background-servable-original-image/B56Z4RWIk4K0AI-/0/1778407507335?e=1781136000&v=beta&t=d6UqvWQb6d01LBRd71UmGlUHKTGsLiOWq7tUejMSU8Y
"You uploaded a feed photo on May 9, 2026 at 6:29 AM (GMT)","""???????? ?????????? ?? ????. ???????? ?????????? ???? ?????? ?????, ??????, ??? ??? - ???? ?? ????? ???? ??????????? ??????.""

Engineering is often taught as a process of technical optimization, but true innovation happens when we design for human realities. 

From May to July 2025, my work with the Amrita Vishwa Vidyapeetham, Coimbatore Live-in-Labs? program took me to Nediamanickam village in Ramanathapuram at Tamil Nadu. Tasked with addressing rural water sustainability, the experience quickly evolved into a profound lesson in systems-level thinking and co-design.

Through Human-Centered Design (HCD) and ????????????? ????? ????????? (???), my team and I didn?t just observe from the outside; we immersed ourselves. The reality on the ground was stark : families navigating the fallout of abandoned infrastructure and spending a massive portion of their income - up to ?2160 monthly-on private water vendors. The core issue wasn't just technical; it was a systemic challenge intertwining governance, livelihood, and community trust.

O?u?t?c?o?m?e?s? ?&? ?I?m?p?a?c?t?:?
? ???????????? ??????????????: A major milestone of this journey was implementing Amrita?s community-scale water filtration initiative. We didn't just install a system; we built a sustainable management system for protection, purification, and management. By focusing on the Oorani (traditional water body) as a primary source, we bridged the gap between traditional wisdom and modern engineering, ensuring the solution was something the community could actually afford, maintain, and own.
? ???? ????????????: This work is now evolving into an academic contribution. My team and I are currently working on IEEE publications to document our findings on rural sustainability, HCD-PRA integration, and community-led engineering models.

M?y? ?L?e?a?r?n?i?n?g?s?:?
? ?????? ?????? ??? ?????: Utilizing PRA tools like transect walks and resource mapping ensures solutions are grounded in actual human needs.
? ??????? ???? ????????: Solving complex problems requires looking beyond technical specs to the intersecting realities of health, economics, and culture.
? ??????????? ???? ???????: Meaningful technology isn't just about the most advanced system; it?s about creating a sustainable management ecosystem that empowers people.

This experience represents a steady, linear progression in my journey as a researcher and developer. It has reinforced my commitment to a ""smart work"" approach?focusing on high-leverage root causes, interdisciplinary thinking, and building technology that leaves a tangible, positive impact.

#LiveInLabs #SocialImpact #HumanCenteredDesign #EngineeringWithPurpose #TechForGood #SustainableDevelopment #CoDesign #SystemsThinking",
"You uploaded a feed photo on May 9, 2026 at 6:29 AM (GMT)", -,https://media.licdn.com/dms/image/v2/D5622AQG95qN6UR8Qlw/feedshare-shrink_20/B56Z4LbkzkHMAI-/0/1778308239745?e=1781136000&v=beta&t=rx-FBylImuV9HOkRArRVsQLdZiKMikdvQQs0xf33g1o
"You uploaded a feed photo on May 9, 2026 at 6:27 AM (GMT)", -,https://media.licdn.com/dms/image/v2/D5622AQH968KkCvXiFw/feedshare-shrink_20/B56Z4LbNJIGgAI-/0/1778308142161?e=1781136000&v=beta&t=eEJc9Qaqq8S3dqOS4bL6bqnH-kx_426egx5h5YUrX3o
"You uploaded a feed photo on May 9, 2026 at 6:27 AM (GMT)", -,https://media.licdn.com/dms/image/v2/D5622AQFQcUQI-uBfNw/feedshare-shrink_1280/B56Z4LbHbIH4AU-/0/1778308118821?e=1781136000&v=beta&t=eqKRkTbZ1EANUjM8uvilxPMIPIUFXggIgdGPabr10g4
"You uploaded a feed photo on May 9, 2026 at 6:27 AM (GMT)", -,https://media.licdn.com/dms/image/v2/D5622AQEBQr8IqjEw5g/feedshare-shrink_160/B56Z4LbLszGsAo-/0/1778308136216?e=1781136000&v=beta&t=81RFLcW5nLUiQCBgVNRizTbuXH6Twh92HVBZqjKZ3Vo
"You uploaded a feed photo on May 9, 2026 at 6:27 AM (GMT)", -,https://media.licdn.com/dms/image/v2/D5622AQGTT2HsVflWAw/feedshare-shrink_1280/B56Z4LbGDYHwAU-/0/1778308113373?e=1781136000&v=beta&t=9NHyhEhoup5q3mu5bfN8tAH5F23XwtcttkL1mBT4x3c
"You uploaded a document on May 2, 2026 at 10:44 AM (GMT)", -,https://media.licdn.com/dms/image/v2/D562DAQGQCjQMaSW12Q/profile-treasury-document-cover-images_1920/B56Z3oSmsKH4BM-/0/1777718686542?e=1780128000&v=beta&t=vzCHUv0OOO24vaOzRhA7R-qnkOPBh0Ij7YhCl39qIoc
"You uploaded a document on May 2, 2026 at 10:35 AM (GMT)", -,https://media.licdn.com/dms/image/v2/D562DAQGT7YkpcBOAbg/profile-treasury-document-cover-images_1920/B56Z3oQYsxIIBM-/0/1777718106111?e=1780128000&v=beta&t=ZkDI8VfujirJ--sFxLXu_3BIllRKP5gmcE4cN8kGAkA
"You uploaded a document on May 2, 2026 at 10:33 AM (GMT)", -,https://media.licdn.com/dms/document/media/v2/D562DAQGbXcsuItYpGg/profile-treasury-document-chunked-pdf/B56Z3oQDpfIQBY-/0/1777718019414?e=1780128000&v=beta&t=9mVfaMhJ31Q690ty0_FxLjFIRc7fWr4o3jdOdHf8Q0A
"You uploaded a profile photo on May 6, 2025 at 7:32 AM (GMT)", -,https://media.licdn.com/dms/image/v2/D4E03AQF9X_8tMLf5Ow/profile-displayphoto-shrink_400_400/B4EZakgwT5H4As-/0/1746516778748?e=1781136000&v=beta&t=qOBBtyScdNbWV8uwTkkT06TRrQalnqquoDFcwhoFW7w
"You uploaded a profile photo on May 6, 2025 at 7:32 AM (GMT)", -,https://media.licdn.com/dms/image/v2/D4E04AQEHeoXyE9vUKw/profile-originalphoto-shrink_900_1200/B4EZakgwTjGYAI-/0/1746516776773?e=1781136000&v=beta&t=ry0RJZsttEJCietA7xKgUCBmr0c-68ac-xJZZXvECco
